{
  "rows_sampled_per_file": 50000,
  "model_load_seconds": {
    "traffic_model_multiclass.pkl": 0.4027,
    "anomaly_model.pkl": 0.0265
  },
  "classifier": {
    "overall_accuracy": 0.8981,
    "classification_report": {
      "BENIGN": {
        "precision": 0.999739473982646,
        "recall": 0.8896143744323621,
        "f1-score": 0.9414674836992758,
        "support": 366651.0
      },
      "Bot": {
        "precision": 0.00011824524062906468,
        "recall": 1.0,
        "f1-score": 0.00023646252069047056,
        "support": 2.0
      },
      "DDoS": {
        "precision": 0.9281280499707203,
        "recall": 0.9961868845589776,
        "f1-score": 0.9609539207760711,
        "support": 23865.0
      },
      "DoS GoldenEye": {
        "precision": 0.0,
        "recall": 0.0,
        "f1-score": 0.0,
        "support": 0.0
      },
      "DoS Hulk": {
        "precision": 0.0,
        "recall": 0.0,
        "f1-score": 0.0,
        "support": 0.0
      },
      "DoS Slowhttptest": {
        "precision": 0.0,
        "recall": 0.0,
        "f1-score": 0.0,
        "support": 0.0
      },
      "DoS slowloris": {
        "precision": 0.940843074743181,
        "recall": 0.9981210071401728,
        "f1-score": 0.9686360320933625,
        "support": 2661.0
      },
      "FTP-Patator": {
        "precision": 0.9746288291674498,
        "recall": 0.99884437596302,
        "f1-score": 0.9865880338628364,
        "support": 5192.0
      },
      "Heartbleed": {
        "precision": 0.0,
        "recall": 0.0,
        "f1-score": 0.0,
        "support": 0.0
      },
      "Infiltration": {
        "precision": 0.0,
        "recall": 0.0,
        "f1-score": 0.0,
        "support": 0.0
      },
      "PortScan": {
        "precision": 0.9163179916317992,
        "recall": 0.9358974358974359,
        "f1-score": 0.9260042283298098,
        "support": 234.0
      },
      "SSH-Patator": {
        "precision": 0.0,
        "recall": 0.0,
        "f1-score": 0.0,
        "support": 0.0
      },
      "Web Attack - Brute Force": {
        "precision": 0.27195550351288056,
        "recall": 0.8585951940850277,
        "f1-score": 0.4130724766562917,
        "support": 1082.0
      },
      "Web Attack - Sql Injection": {
        "precision": 0.0,
        "recall": 0.0,
        "f1-score": 0.0,
        "support": 0.0
      },
      "Web Attack - XSS": {
        "precision": 0.0,
        "recall": 0.0,
        "f1-score": 0.0,
        "support": 0.0
      },
      "accuracy": 0.8980627340894249,
      "macro avg": {
        "precision": 0.3354487445499537,
        "recall": 0.4451506181384664,
        "f1-score": 0.3464639091958892,
        "support": 399687.0
      },
      "weighted avg": {
        "precision": 0.9927212658706054,
        "recall": 0.8980627340894249,
        "f1-score": 0.9419538166626803,
        "support": 399687.0
      }
    },
    "confusion_matrix": {
      "labels": [
        "BENIGN",
        "Bot",
        "DDoS",
        "DoS GoldenEye",
        "DoS Hulk",
        "DoS Slowhttptest",
        "DoS slowloris",
        "FTP-Patator",
        "Heartbleed",
        "Infiltration",
        "PortScan",
        "SSH-Patator",
        "Web Attack - Brute Force",
        "Web Attack - Sql Injection",
        "Web Attack - XSS"
      ],
      "matrix": [
        [
          326178,
          16908,
          1841,
          1006,
          7144,
          190,
          166,
          135,
          4,
          159,
          20,
          8321,
          2485,
          595,
          1499
        ],
        [
          0,
          2,
          0,
          0,
          0,
          0,
          0,
          0,
          0,
          0,
          0,
          0,
          0,
          0,
          0
        ],
        [
          77,
          4,
          23774,
          0,
          10,
          0,
          0,
          0,
          0,
          0,
          0,
          0,
          0,
          0,
          0
        ],
        [
          0,
          0,
          0,
          0,
          0,
          0,
          0,
          0,
          0,
          0,
          0,
          0,
          0,
          0,
          0
        ],
        [
          0,
          0,
          0,
          0,
          0,
          0,
          0,
          0,
          0,
          0,
          0,
          0,
          0,
          0,
          0
        ],
        [
          0,
          0,
          0,
          0,
          0,
          0,
          0,
          0,
          0,
          0,
          0,
          0,
          0,
          0,
          0
        ],
        [
          3,
          0,
          0,
          0,
          0,
          1,
          2656,
          0,
          0,
          0,
          0,
          1,
          0,
          0,
          0
        ],
        [
          0,
          0,
          0,
          0,
          0,
          0,
          0,
          5186,
          0,
          0,
          0,
          5,
          1,
          0,
          0
        ],
        [
          0,
          0,
          0,
          0,
          0,
          0,
          0,
          0,
          0,
          0,
          0,
          0,
          0,
          0,
          0
        ],
        [
          0,
          0,
          0,
          0,
          0,
          0,
          0,
          0,
          0,
          0,
          0,
          0,
          0,
          0,
          0
        ],
        [
          0,
          0,
          0,
          0,
          0,
          0,
          1,
          0,
          0,
          0,
          219,
          13,
          1,
          0,
          0
        ],
        [
          0,
          0,
          0,
          0,
          0,
          0,
          0,
          0,
          0,
          0,
          0,
          0,
          0,
          0,
          0
        ],
        [
          5,
          0,
          0,
          0,
          0,
          0,
          0,
          0,
          0,
          0,
          0,
          87,
          929,
          7,
          54
        ],
        [
          0,
          0,
          0,
          0,
          0,
          0,
          0,
          0,
          0,
          0,
          0,
          0,
          0,
          0,
          0
        ],
        [
          0,
          0,
          0,
          0,
          0,
          0,
          0,
          0,
          0,
          0,
          0,
          0,
          0,
          0,
          0
        ]
      ]
    },
    "files": [
      {
        "file": "Friday-WorkingHours-Afternoon-DDos.pcap_ISCX.csv",
        "rows": 49987,
        "true_labels": [
          "BENIGN",
          "DDoS"
        ],
        "predicted_labels": [
          "BENIGN",
          "Bot",
          "DDoS",
          "DoS GoldenEye",
          "DoS Hulk",
          "DoS Slowhttptest",
          "DoS slowloris",
          "FTP-Patator",
          "Infiltration",
          "SSH-Patator",
          "Web Attack - Brute Force",
          "Web Attack - Sql Injection",
          "Web Attack - XSS"
        ],
        "accuracy": 0.9259,
        "rows_per_second": 28646.6
      },
      {
        "file": "Friday-WorkingHours-Afternoon-PortScan.pcap_ISCX.csv",
        "rows": 49982,
        "true_labels": [
          "BENIGN",
          "PortScan"
        ],
        "predicted_labels": [
          "BENIGN",
          "Bot",
          "DDoS",
          "DoS GoldenEye",
          "DoS Hulk",
          "DoS Slowhttptest",
          "DoS slowloris",
          "FTP-Patator",
          "Infiltration",
          "PortScan",
          "SSH-Patator",
          "Web Attack - Brute Force",
          "Web Attack - Sql Injection",
          "Web Attack - XSS"
        ],
        "accuracy": 0.8879,
        "rows_per_second": 28102.6
      },
      {
        "file": "Friday-WorkingHours-Morning.pcap_ISCX.csv",