{
  "model": "traffic_model_multiclass.pkl",
  "rows_total": 119603,
  "rows_train_original": 95682,
  "rows_train_effective": 123582,
  "rows_test": 23921,
  "labels": [
    "BENIGN",
    "Bot",
    "DDoS",
    "DoS GoldenEye",
    "DoS Hulk",
    "DoS Slowhttptest",
    "DoS slowloris",
    "FTP-Patator",
    "Heartbleed",
    "Infiltration",
    "PortScan",
    "SSH-Patator",
    "Web Attack - Brute Force",
    "Web Attack - Sql Injection",
    "Web Attack - XSS"
  ],
  "class_distribution": {
    "BENIGN": 20000,
    "Bot": 1956,
    "DDoS": 20000,
    "DoS GoldenEye": 10293,
    "DoS Hulk": 20000,
    "DoS Slowhttptest": 5499,
    "DoS slowloris": 5796,
    "FTP-Patator": 7935,
    "Heartbleed": 11,
    "Infiltration": 36,
    "PortScan": 20000,
    "SSH-Patator": 5897,
    "Web Attack - Brute Force": 1507,
    "Web Attack - Sql Injection": 21,
    "Web Attack - XSS": 652
  },
  "effective_training_distribution": {
    "BENIGN": 16000,
    "Bot": 5000,
    "DDoS": 16000,
    "DoS GoldenEye": 8234,
    "DoS Hulk": 16000,
    "DoS Slowhttptest": 5000,
    "DoS slowloris": 5000,
    "FTP-Patator": 6348,
    "Heartbleed": 5000,
    "Infiltration": 5000,
    "PortScan": 16000,
    "SSH-Patator": 5000,
    "Web Attack - Brute Force": 5000,
    "Web Attack - Sql Injection": 5000,
    "Web Attack - XSS": 5000
  },
  "accuracy": 0.9607,
  "training_seconds": 8.31,
  "prediction_rows_per_second": 102648.4,
  "classification_report": {
    "BENIGN": {
      "precision": 0.9686893876420061,
      "recall": 0.874,
      "f1-score": 0.9189118149559732,
      "support": 4000.0
    },
    "Bot": {
      "precision": 0.6803571428571429,
      "recall": 0.9744245524296675,
      "f1-score": 0.8012618296529969,
      "support": 391.0
    },
    "DDoS": {
      "precision": 0.9902767389678384,
      "recall": 0.993,
      "f1-score": 0.9916364998127575,
      "support": 4000.0
    },
    "DoS GoldenEye": {
      "precision": 0.9956204379562044,
      "recall": 0.9936862554638174,
      "f1-score": 0.9946524064171123,
      "support": 2059.0
    },
    "DoS Hulk": {
      "precision": 0.9755132327479594,
      "recall": 0.986,
      "f1-score": 0.9807285838617431,
      "support": 4000.0
    },
    "DoS Slowhttptest": {
      "precision": 0.9927404718693285,
      "recall": 0.9945454545454545,
      "f1-score": 0.9936421435059037,
      "support": 1100.0
    },
    "DoS slowloris": {
      "precision": 0.9948141745894555,
      "recall": 0.9930974978429681,
      "f1-score": 0.9939550949913645,
      "support": 1159.0
    },
    "FTP-Patator": {
      "precision": 0.9987397605545053,
      "recall": 0.9987397605545053,
      "f1-score": 0.9987397605545053,
      "support": 1587.0
    },
    "Heartbleed": {
      "precision": 1.0,
      "recall": 1.0,
      "f1-score": 1.0,
      "support": 2.0
    },
    "Infiltration": {
      "precision": 0.5555555555555556,
      "recall": 0.7142857142857143,
      "f1-score": 0.625,
      "support": 7.0
    },
    "PortScan": {
      "precision": 0.9992488733099649,
      "recall": 0.99775,
      "f1-score": 0.9984988741556167,
      "support": 4000.0
    },
    "SSH-Patator": {
      "precision": 0.8412822517591869,
      "recall": 0.911864406779661,
      "f1-score": 0.8751525010166734,
      "support": 1180.0
    },
    "Web Attack - Brute Force": {
      "precision": 0.6937269372693727,
      "recall": 0.6225165562913907,
      "f1-score": 0.6561954624781849,
      "support": 302.0
    },
    "Web Attack - Sql Injection": {
      "precision": 0.029411764705882353,
      "recall": 0.75,
      "f1-score": 0.05660377358490566,
      "support": 4.0
    },
    "Web Attack - XSS": {
      "precision": 0.34285714285714286,
      "recall": 0.36923076923076925,
      "f1-score": 0.35555555555555557,
      "support": 130.0
    },
    "accuracy": 0.960745788219556,
    "macro avg": {
      "precision": 0.8039222581761031,
      "recall": 0.8782093978282631,
      "f1-score": 0.8160356200362194,
      "support": 23921.0
    },
    "weighted avg": {
      "precision": 0.9670881551496937,
      "recall": 0.960745788219556,
      "f1-score": 0.9629221480075104,
      "support": 23921.0
    }
  },
  "confusion_matrix": {
    "labels": [
      "BENIGN",
      "Bot",
      "DDoS",
      "DoS GoldenEye",
      "DoS Hulk",
      "DoS Slowhttptest",
      "DoS slowloris",
      "FTP-Patator",
      "Heartbleed",
      "Infiltration",
      "PortScan",
      "SSH-Patator",
      "Web Attack - Brute Force",
      "Web Attack - Sql Injection",
      "Web Attack - XSS"
    ],
    "matrix": [
      [
        3496,
        179,
        39,
        4,
        90,
        4,
        0,
        1,
        0,
        0,
        1,
        150,
        13,
        12,
        11
      ],
      [
        6,
        381,
        0,
        0,
        0,
        0,
        0,
        0,
        0,
        4,
        0,
        0,
        0,
        0,
        0
      ],
      [
        25,
        0,
        3972,
        0,
        3,
        0,
        0,
        0,
        0,
        0,
        0,
        0,
        0,
        0,
        0
      ],
      [
        10,
        0,
        0,
        2046,
        0,
        2,
        1,
        0,
        0,
        0,
        0,
        0,
        0,
        0,
        0
      ],
      [
        24,
        0,
        0,
        2,
        3944,
        0,
        0,
        0,
        0,
        0,
        1,
        20,
        2,
        6,
        1
      ],
      [
        0,
        0,
        0,
        1,
        0,
        1094,
        4,
        0,
        0,
        0,
        0,
        1,
        0,
        0,
        0
      ],
      [
        4,
        0,
        0,
        1,
        0,
        2,
        1151,
        0,
        0,
        0,
        0,
        1,
        0,
        0,
        0
      ],
      [
        1,
        0,
        0,
        0,
        0,
        0,
        0,
        1585,
        0,
        0,
        0,
        1,
        0,
        0,
        0
      ],
      [
        0,
        0,
        0,
        0,
        0,
        0,
        0,
        0,
        2,
        0,
        0,
        0,
        0,
        0,
        0
      ],
      [
        2,
        0,
        0,
        0,
        0,
        0,
        0,
        0,
        0,
        5,
        0,
        0,
        0,
        0,
        0
      ],
      [
        1,
        0,
        0,
        0,
        2,
        0,
        0,
        0,
        0,
        0,
        3991,
        6,
        0,
        0,
        0
      ],
      [
        11,
        0,
        0,
        0,
        4,
        0,
        0,
        1,
        0,
        0,
        1,
        1076,
        4,
        81,
        2
      ],
      [
        12,
        0,
        0,
        0,
        0,
        0,
        0,
        0,
        0,
        0,
        0,
        24,
        188,
        0,
        78
      ],
      [
        0,
        0,
        0,
        1,
        0,
        0,
        0,
        0,
        0,
        0,
        0,
        0,
        0,
        3,
        0
      ],
      [
        17,
        0,
        0,
        0,
        0,
        0,
        1,
        0,
        0,
        0,
        0,
        0,
        64,
        0,
        48
      ]
    ]
  }
}